{
  "formula": "l",
  "params": [
    -9.081862134975253,
    1.7077954052773348,
    8.855817137337135,
    2.555667539855725,
    0.9567969240022732,
    0.4323992983022327,
    0.0029440078696367777
  ],
  "acc_test": 0.03,
  "acc_hist": 0.02
}